,requestID,lastName,firstName,wholeName,RequestName,RequestNamePinYin
0,AA012345,王,锦雨,王锦雨,王锦雨,wangjinyu
1,AA012346,王,棉雨,王棉雨,王棉雨,wangmianyu
2,AA012347,王,靳雨,王靳雨,王靳雨,wangjinyu
3,AA012348,王,jinyu,王jinyu,王jinyu,wangjinyu
4,BB099931,王,友,王友,王友,wangyou
5,BB099932,王,有,王有,王有,wangyou
6,BB099933,王,佑,王佑,王佑,wangyou
7,CC072982,袁,临江,袁临江,袁临江,yuanlinjiang
8,CC072983,袁,江临,袁江临,袁江临,yuanjianglin
9,CC072984,江,临袁,江临袁,江临袁,jianglinyuan
10,DD903844,井上,昌信,井上昌信,井上昌信,jingshangchangxin
11,DD903845,井上,信昌,井上信昌,井上信昌,jingshangxinchang
12,DD903846,信昌,上井,信昌上井,信昌上井,xinchangshangjing
13,DD903847,井上,昌,井上昌,井上昌,jingshangchang
14,DD903848,上,昌信,上昌信,上昌信,shangchangxin
15,DD903849,上,昌,上昌,上昌,shangchang
16,EE123456,徐,佘余,徐佘余,徐佘余,xusheyu
17,EE123457,徐,佘,徐佘,徐佘,xushe
18,EE123458,佘,余,佘余,佘余,sheyu
19,HH1234571,李,昌达,李昌达,李昌达,lichangda
20,HH1234572,李,昌达,李昌达,李昌达,lichangda
21,HH1234573,李,昌达,李昌达,李昌达,lichangda
22,HH1234574,李,昌達,李昌達,李昌达,lichangda
23,GG1234576,细见,达秀,细见达秀,细见达秀,xijiandaxiu
24,GG1234577,细见,达秀,细见达秀,细见达秀,xijiandaxiu
25,GG1234578,细见,达秀,细见达秀,细见达秀,xijiandaxiu
26,FF1234579,陈,章华,陈章华,陈章华,chenzhanghua
27,FF1234580,陳,章华,陳章华,陈章华,chenzhanghua
28,FF1234581,陈,章華,陈章華,陈章华,chenzhanghua
