,RequestName,SanctionName,similarityScore,requestID,lastName,firstName,wholeName,UID,LAST_NAME,FIRST_NAME
0,王锦雨,王锦雨,0.9999999999999999,AA012345,王,锦雨,王锦雨,8,王,锦雨
1,王棉雨,王锦雨,0.8246260343695907,AA012346,王,棉雨,王棉雨,8,王,锦雨
2,王靳雨,王锦雨,0.7301739250286354,AA012347,王,靳雨,王靳雨,8,王,锦雨
3,王锦雨,张雨,0.7185410517450832,AA012345,王,锦雨,王锦雨,1320,张,雨
4,王棉雨,张雨,0.7797895320383192,AA012346,王,棉雨,王棉雨,1320,张,雨
5,王靳雨,张雨,0.8310157424106307,AA012347,王,靳雨,王靳雨,1320,张,雨
6,王锦雨,雷雨,0.675950122862867,AA012345,王,锦雨,王锦雨,689,雷,雨
7,王棉雨,雷雨,0.7335681499454239,AA012346,王,棉雨,王棉雨,689,雷,雨
8,王靳雨,雷雨,0.7817579688999118,AA012347,王,靳雨,王靳雨,689,雷,雨
9,王锦雨,王存雨,0.6016327117805957,AA012345,王,锦雨,王锦雨,913,王,存雨
10,王棉雨,王存雨,0.652915918497549,AA012346,王,棉雨,王棉雨,913,王,存雨
11,王靳雨,王存雨,0.6958075024727269,AA012347,王,靳雨,王靳雨,913,王,存雨
12,王锦雨,郑雨桐,0.5885729446535074,AA012345,王,锦雨,王锦雨,465,郑,雨桐
13,王棉雨,郑雨桐,0.6387429360745843,AA012346,王,棉雨,王棉雨,465,郑,雨桐
14,王靳雨,郑雨桐,0.6807034634641422,AA012347,王,靳雨,王靳雨,465,郑,雨桐
15,王锦雨,何雨春,0.5826846598560345,AA012345,王,锦雨,王锦雨,1126,何,雨春
16,王棉雨,何雨春,0.6323527335446405,AA012346,王,棉雨,王棉雨,1126,何,雨春
17,王靳雨,何雨春,0.6738934734842889,AA012347,王,靳雨,王靳雨,1126,何,雨春
18,王锦雨,史方雨,0.5810706309419469,AA012345,王,锦雨,王锦雨,2571,史,方雨
19,王棉雨,史方雨,0.6306011247137242,AA012346,王,棉雨,王棉雨,2571,史,方雨
20,王靳雨,史方雨,0.6720267973451105,AA012347,王,靳雨,王靳雨,2571,史,方雨
21,王锦雨,郑鑫雨,0.5576882731089777,AA012345,王,锦雨,王锦雨,2254,郑,鑫雨
22,王棉雨,郑鑫雨,0.6052256533634913,AA012346,王,棉雨,王棉雨,2254,郑,鑫雨
23,王靳雨,郑鑫雨,0.6449843515353901,AA012347,王,靳雨,王靳雨,2254,郑,鑫雨
24,王锦雨,施雨桐,0.536370278886366,AA012345,王,锦雨,王锦雨,2175,施,雨桐
25,王棉雨,施雨桐,0.5820905120956775,AA012346,王,棉雨,王棉雨,2175,施,雨桐
26,王靳雨,施雨桐,0.6203294083660551,AA012347,王,靳雨,王靳雨,2175,施,雨桐
27,王锦雨,杨雨前,0.5285581420190182,AA012345,王,锦雨,王锦雨,2705,杨,雨前
28,王棉雨,杨雨前,0.5736124682355341,AA012346,王,棉雨,王棉雨,2705,杨,雨前
29,王靳雨,杨雨前,0.6112944218432036,AA012347,王,靳雨,王靳雨,2705,杨,雨前
30,王友,王友,1.0,BB099931,王,友,王友,12,王,友
31,王有,王友,0.6677252479921905,BB099932,王,有,王有,12,王,友
32,王友,郑友,0.510774434803226,BB099931,王,友,王友,1588,郑,友
33,王友,陈友林,0.3823533311611901,BB099931,王,友,王友,2950,陈,友林
34,王友,谭国友,0.3783056675468502,BB099931,王,友,王友,2636,谭,国友
35,王友,陈友忠,0.37216208119464933,BB099931,王,友,王友,356,陈,友忠
36,王友,林友义,0.35613936693951476,BB099931,王,友,王友,2519,林,友义
37,王友,杨振友,0.3520408750235694,BB099931,王,友,王友,104,杨,振友
38,王友,艾友刚,0.3450136622115155,BB099931,王,友,王友,1211,艾,友刚
39,王友,左友之,0.3309848572463022,BB099931,王,友,王友,630,左,友之
40,王友,王天昊,0.3277948145974322,BB099931,王,友,王友,1013,王,天昊
41,王有,王天昊,0.3133788430832099,BB099932,王,有,王有,1013,王,天昊
42,王有,郭有华,0.39903599314278493,BB099932,王,有,王有,484,郭,有华
43,王有,许有旺,0.37734615269399474,BB099932,王,有,王有,648,许,有旺
44,王有,叶有争,0.371355639938737,BB099932,王,有,王有,183,叶,有争
45,王有,廖泉有,0.3588291965763822,BB099932,王,有,王有,1182,廖,泉有
46,王有,薛有勤,0.3168146665381775,BB099932,王,有,王有,348,薛,有勤
47,王有,王天会,0.3117569565670215,BB099932,王,有,王有,145,王,天会
48,王有,王武生,0.3038026433566665,BB099932,王,有,王有,792,王,武生
49,王有,王丽岩,0.27374135155965856,BB099932,王,有,王有,2465,王,丽岩
50,王佑,王伟,0.5934235766974674,BB099933,王,佑,王佑,2337,王,伟
51,王佑,方佑,0.47149426626823093,BB099933,王,佑,王佑,627,方,佑
52,王佑,王伟刚,0.3773787877798565,BB099933,王,佑,王佑,2623,王,伟刚
53,王佑,王大志,0.3645162616774278,BB099933,王,佑,王佑,311,王,大志
54,王佑,王金凤,0.3572840665037854,BB099933,王,佑,王佑,1687,王,金凤
55,王佑,王传福,0.34005504973040984,BB099933,王,佑,王佑,1978,王,传福
56,王佑,王信虎,0.3192637766920061,BB099933,王,佑,王佑,2373,王,信虎
57,井上信昌,王信虎,0.30661707396875326,DD903845,井上,信昌,井上信昌,2373,王,信虎
58,王佑,王涛,0.128170619831783,BB099933,王,佑,王佑,2591,王,涛
59,王佑,王和,0.12107632836477031,BB099933,王,佑,王佑,2998,王,和
60,王佑,王锋,0.12073835536263508,BB099933,王,佑,王佑,1739,王,锋
61,袁临江,袁临江,0.9999999999999999,CC072982,袁,临江,袁临江,66,袁,临江
62,袁江临,袁临江,0.8261342654380077,CC072983,袁,江临,袁江临,66,袁,临江
63,江临袁,袁临江,0.7965209446770806,CC072984,江,临袁,江临袁,66,袁,临江
64,袁临江,胡鉴,0.4309208685808516,CC072982,袁,临江,袁临江,775,胡,鉴
65,袁江临,胡鉴,0.4780428529404481,CC072983,袁,江临,袁江临,775,胡,鉴
66,江临袁,胡鉴,0.49295291309197364,CC072984,江,临袁,江临袁,775,胡,鉴
67,袁临江,袁帅,0.3541713519398195,CC072982,袁,临江,袁临江,785,袁,帅
68,袁江临,袁帅,0.21972261581207322,CC072983,袁,江临,袁江临,785,袁,帅
69,袁临江,刘品览,0.34038890932423516,CC072982,袁,临江,袁临江,2221,刘,品览
70,袁江临,刘品览,0.377611058518774,CC072983,袁,江临,袁江临,2221,刘,品览
71,江临袁,刘品览,0.3893886712615746,CC072984,江,临袁,江临袁,2221,刘,品览
72,袁临江,孙中海,0.23698453850656004,CC072982,袁,临江,袁临江,666,孙,中海
73,袁临江,袁敏,0.23691773848768105,CC072982,袁,临江,袁临江,1165,袁,敏
74,袁江临,袁敏,0.2628251260883186,CC072983,袁,江临,袁江临,1165,袁,敏
75,江临袁,袁敏,0.1355112943767217,CC072984,江,临袁,江临袁,1165,袁,敏
76,袁临江,白中波,0.2274810759238383,CC072982,袁,临江,袁临江,2125,白,中波
77,袁临江,袁征,0.22661499633950627,CC072982,袁,临江,袁临江,1443,袁,征
78,袁江临,袁征,0.2513957602610305,CC072983,袁,江临,袁江临,1443,袁,征
79,江临袁,袁征,0.12961837165577753,CC072984,江,临袁,江临袁,1443,袁,征
80,袁临江,袁瑛,0.2175494147657146,CC072982,袁,临江,袁临江,2554,袁,瑛
81,袁江临,袁瑛,0.24133884077747894,CC072983,袁,江临,袁江临,2554,袁,瑛
82,袁临江,袁建良,0.19220836108065328,CC072982,袁,临江,袁临江,15,袁,建良
83,袁江临,袁建良,0.2132266965686847,CC072983,袁,江临,袁江临,15,袁,建良
84,袁江临,文江明,0.21579899112800638,CC072983,袁,江临,袁江临,31,文,江明
85,袁江临,袁伟明,0.2101572782543473,CC072983,袁,江临,袁江临,2111,袁,伟明
86,江临袁,江勇,0.163052788093623,CC072984,江,临袁,江临袁,305,江,勇
87,江临袁,江河,0.15455780732158086,CC072984,江,临袁,江临袁,2030,江,河
88,江临袁,江琪,0.1507845587752086,CC072984,江,临袁,江临袁,2323,江,琪
89,江临袁,江文明,0.1274398463150137,CC072984,江,临袁,江临袁,2433,江,文明
90,江临袁,江志杰,0.12731599336876825,CC072984,江,临袁,江临袁,1993,江,志杰
91,江临袁,江志杰,0.12731599336876825,CC072984,江,临袁,江临袁,1995,江,志杰
92,井上昌信,井上昌信,1.0000000000000002,DD903844,井上,昌信,井上昌信,394,井上,昌信
93,井上信昌,井上昌信,0.7506277004048358,DD903845,井上,信昌,井上信昌,394,井上,昌信
94,信昌上井,井上昌信,0.582264163217736,DD903846,信昌,上井,信昌上井,394,井上,昌信
95,井上昌,井上昌信,0.8532165813651305,DD903847,井上,昌,井上昌,394,井上,昌信
96,上昌信,井上昌信,0.7885674817680802,DD903848,上,昌信,上昌信,394,井上,昌信
97,上昌,井上昌信,0.5914534707129985,DD903849,上,昌,上昌,394,井上,昌信
98,井上昌信,杨井武,0.3042427327816837,DD903844,井上,昌信,井上昌信,646,杨,井武
99,井上信昌,杨井武,0.31576102398173345,DD903845,井上,信昌,井上信昌,646,杨,井武
100,信昌上井,杨井武,0.23909375883559253,DD903846,信昌,上井,信昌上井,646,杨,井武
101,井上昌,杨井武,0.35658323973838035,DD903847,井上,昌,井上昌,646,杨,井武
102,井上昌信,马昌林,0.23870324384283448,DD903844,井上,昌信,井上昌信,11,马,昌林
103,信昌上井,马昌林,0.25260799629866815,DD903846,信昌,上井,信昌上井,11,马,昌林
104,上昌信,马昌林,0.30270490397046035,DD903848,上,昌信,上昌信,11,马,昌林
105,上昌,马昌林,0.1820707888338345,DD903849,上,昌,上昌,11,马,昌林
106,李昌达,马昌林,0.354642218855742,HH1234571,李,昌达,李昌达,11,马,昌林
107,李昌达,马昌林,0.354642218855742,HH1234572,李,昌达,李昌达,11,马,昌林
108,李昌达,马昌林,0.354642218855742,HH1234573,李,昌达,李昌达,11,马,昌林
109,李昌达,马昌林,0.354642218855742,HH1234574,李,昌達,李昌達,11,马,昌林
110,李昌达,马昌林,0.354642218855742,HH1234571,李,昌达,李昌达,11,马,昌林
111,李昌达,马昌林,0.354642218855742,HH1234572,李,昌达,李昌达,11,马,昌林
112,李昌达,马昌林,0.354642218855742,HH1234573,李,昌达,李昌达,11,马,昌林
113,李昌达,马昌林,0.354642218855742,HH1234574,李,昌達,李昌達,11,马,昌林
114,李昌达,马昌林,0.354642218855742,HH1234571,李,昌达,李昌达,11,马,昌林
115,李昌达,马昌林,0.354642218855742,HH1234572,李,昌达,李昌达,11,马,昌林
116,李昌达,马昌林,0.354642218855742,HH1234573,李,昌达,李昌达,11,马,昌林
117,李昌达,马昌林,0.354642218855742,HH1234574,李,昌達,李昌達,11,马,昌林
118,李昌达,马昌林,0.354642218855742,HH1234571,李,昌达,李昌达,11,马,昌林
119,李昌达,马昌林,0.354642218855742,HH1234572,李,昌达,李昌达,11,马,昌林
120,李昌达,马昌林,0.354642218855742,HH1234573,李,昌达,李昌达,11,马,昌林
121,李昌达,马昌林,0.354642218855742,HH1234574,李,昌達,李昌達,11,马,昌林
122,井上昌信,李昌达,0.22294326259454897,DD903844,井上,昌信,井上昌信,2494,李,昌达
123,信昌上井,李昌达,0.23592997709481017,DD903846,信昌,上井,信昌上井,2494,李,昌达
124,上昌信,李昌达,0.2827193204755014,DD903848,上,昌信,上昌信,2494,李,昌达
125,上昌,李昌达,0.1700498704261607,DD903849,上,昌,上昌,2494,李,昌达
126,李昌达,李昌达,1.0,HH1234571,李,昌达,李昌达,2494,李,昌达
127,李昌达,李昌达,1.0,HH1234572,李,昌达,李昌达,2494,李,昌达
128,李昌达,李昌达,1.0,HH1234573,李,昌达,李昌达,2494,李,昌达
129,李昌达,李昌达,1.0,HH1234574,李,昌達,李昌達,2494,李,昌达
130,李昌达,李昌达,1.0,HH1234571,李,昌达,李昌达,2494,李,昌达
131,李昌达,李昌达,1.0,HH1234572,李,昌达,李昌达,2494,李,昌达
132,李昌达,李昌达,1.0,HH1234573,李,昌达,李昌达,2494,李,昌达
133,李昌达,李昌达,1.0,HH1234574,李,昌達,李昌達,2494,李,昌达
134,李昌达,李昌达,1.0,HH1234571,李,昌达,李昌达,2494,李,昌达
135,李昌达,李昌达,1.0,HH1234572,李,昌达,李昌达,2494,李,昌达
136,李昌达,李昌达,1.0,HH1234573,李,昌达,李昌达,2494,李,昌达
137,李昌达,李昌达,1.0,HH1234574,李,昌達,李昌達,2494,李,昌达
138,李昌达,李昌达,1.0,HH1234571,李,昌达,李昌达,2494,李,昌达
139,李昌达,李昌达,1.0,HH1234572,李,昌达,李昌达,2494,李,昌达
140,李昌达,李昌达,1.0,HH1234573,李,昌达,李昌达,2494,李,昌达
141,李昌达,李昌达,1.0,HH1234574,李,昌達,李昌達,2494,李,昌达
142,井上昌信,李井光,0.22248440588233112,DD903844,井上,昌信,井上昌信,1840,李,井光
143,井上信昌,李井光,0.23090741783398103,DD903845,井上,信昌,井上信昌,1840,李,井光
144,信昌上井,李井光,0.27406508688876735,DD903846,信昌,上井,信昌上井,1840,李,井光
145,井上昌,李井光,0.26075958993478565,DD903847,井上,昌,井上昌,1840,李,井光
146,井上昌信,李昌森,0.22055738938273478,DD903844,井上,昌信,井上昌信,840,李,昌森
147,信昌上井,李昌森,0.233405123884789,DD903846,信昌,上井,信昌上井,840,李,昌森
148,上昌信,李昌森,0.27969374147690423,DD903848,上,昌信,上昌信,840,李,昌森
149,上昌,李昌森,0.16823004673738612,DD903849,上,昌,上昌,840,李,昌森
150,李昌达,李昌森,0.5468833484136845,HH1234571,李,昌达,李昌达,840,李,昌森
151,李昌达,李昌森,0.5468833484136845,HH1234572,李,昌达,李昌达,840,李,昌森
152,李昌达,李昌森,0.5468833484136845,HH1234573,李,昌达,李昌达,840,李,昌森
153,李昌达,李昌森,0.5468833484136845,HH1234574,李,昌達,李昌達,840,李,昌森
154,李昌达,李昌森,0.5468833484136845,HH1234571,李,昌达,李昌达,840,李,昌森
155,李昌达,李昌森,0.5468833484136845,HH1234572,李,昌达,李昌达,840,李,昌森
156,李昌达,李昌森,0.5468833484136845,HH1234573,李,昌达,李昌达,840,李,昌森
157,李昌达,李昌森,0.5468833484136845,HH1234574,李,昌達,李昌達,840,李,昌森
158,李昌达,李昌森,0.5468833484136845,HH1234571,李,昌达,李昌达,840,李,昌森
159,李昌达,李昌森,0.5468833484136845,HH1234572,李,昌达,李昌达,840,李,昌森
160,李昌达,李昌森,0.5468833484136845,HH1234573,李,昌达,李昌达,840,李,昌森
161,李昌达,李昌森,0.5468833484136845,HH1234574,李,昌達,李昌達,840,李,昌森
162,李昌达,李昌森,0.5468833484136845,HH1234571,李,昌达,李昌达,840,李,昌森
163,李昌达,李昌森,0.5468833484136845,HH1234572,李,昌达,李昌达,840,李,昌森
164,李昌达,李昌森,0.5468833484136845,HH1234573,李,昌达,李昌达,840,李,昌森
165,李昌达,李昌森,0.5468833484136845,HH1234574,李,昌達,李昌達,840,李,昌森
166,井上昌信,郭井全,0.21452908221155578,DD903844,井上,昌信,井上昌信,533,郭,井全
167,井上信昌,郭井全,0.2226509144643749,DD903845,井上,信昌,井上信昌,533,郭,井全
168,信昌上井,郭井全,0.26426540468446746,DD903846,信昌,上井,信昌上井,533,郭,井全
169,井上昌,郭井全,0.2514356693212798,DD903847,井上,昌,井上昌,533,郭,井全
170,井上昌信,吴昌昱,0.21065965620035698,DD903844,井上,昌信,井上昌信,2561,吴,昌昱
171,信昌上井,吴昌昱,0.22293083578191977,DD903846,信昌,上井,信昌上井,2561,吴,昌昱
172,上昌信,吴昌昱,0.2671422054178904,DD903848,上,昌信,上昌信,2561,吴,昌昱
173,上昌,吴昌昱,0.16068055533052086,DD903849,上,昌,上昌,2561,吴,昌昱
174,李昌达,吴昌昱,0.3129777655953083,HH1234571,李,昌达,李昌达,2561,吴,昌昱
175,李昌达,吴昌昱,0.3129777655953083,HH1234572,李,昌达,李昌达,2561,吴,昌昱
176,李昌达,吴昌昱,0.3129777655953083,HH1234573,李,昌达,李昌达,2561,吴,昌昱
177,李昌达,吴昌昱,0.3129777655953083,HH1234574,李,昌達,李昌達,2561,吴,昌昱
178,李昌达,吴昌昱,0.3129777655953083,HH1234571,李,昌达,李昌达,2561,吴,昌昱
179,李昌达,吴昌昱,0.3129777655953083,HH1234572,李,昌达,李昌达,2561,吴,昌昱
180,李昌达,吴昌昱,0.3129777655953083,HH1234573,李,昌达,李昌达,2561,吴,昌昱
181,李昌达,吴昌昱,0.3129777655953083,HH1234574,李,昌達,李昌達,2561,吴,昌昱
182,李昌达,吴昌昱,0.3129777655953083,HH1234571,李,昌达,李昌达,2561,吴,昌昱
183,李昌达,吴昌昱,0.3129777655953083,HH1234572,李,昌达,李昌达,2561,吴,昌昱
184,李昌达,吴昌昱,0.3129777655953083,HH1234573,李,昌达,李昌达,2561,吴,昌昱
185,李昌达,吴昌昱,0.3129777655953083,HH1234574,李,昌達,李昌達,2561,吴,昌昱
186,李昌达,吴昌昱,0.3129777655953083,HH1234571,李,昌达,李昌达,2561,吴,昌昱
187,李昌达,吴昌昱,0.3129777655953083,HH1234572,李,昌达,李昌达,2561,吴,昌昱
188,李昌达,吴昌昱,0.3129777655953083,HH1234573,李,昌达,李昌达,2561,吴,昌昱
189,李昌达,吴昌昱,0.3129777655953083,HH1234574,李,昌達,李昌達,2561,吴,昌昱
190,井上昌信,章昌平,0.2076868813173659,DD903844,井上,昌信,井上昌信,2743,章,昌平
191,信昌上井,章昌平,0.21978489316903338,DD903846,信昌,上井,信昌上井,2743,章,昌平
192,上昌信,章昌平,0.2633723633286304,DD903848,上,昌信,上昌信,2743,章,昌平
193,李昌达,章昌平,0.3085611038705237,HH1234571,李,昌达,李昌达,2743,章,昌平
194,李昌达,章昌平,0.3085611038705237,HH1234572,李,昌达,李昌达,2743,章,昌平
195,李昌达,章昌平,0.3085611038705237,HH1234573,李,昌达,李昌达,2743,章,昌平
196,李昌达,章昌平,0.3085611038705237,HH1234574,李,昌達,李昌達,2743,章,昌平
197,李昌达,章昌平,0.3085611038705237,HH1234571,李,昌达,李昌达,2743,章,昌平
198,李昌达,章昌平,0.3085611038705237,HH1234572,李,昌达,李昌达,2743,章,昌平
199,李昌达,章昌平,0.3085611038705237,HH1234573,李,昌达,李昌达,2743,章,昌平
200,李昌达,章昌平,0.3085611038705237,HH1234574,李,昌達,李昌達,2743,章,昌平
201,李昌达,章昌平,0.3085611038705237,HH1234571,李,昌达,李昌达,2743,章,昌平
202,李昌达,章昌平,0.3085611038705237,HH1234572,李,昌达,李昌达,2743,章,昌平
203,李昌达,章昌平,0.3085611038705237,HH1234573,李,昌达,李昌达,2743,章,昌平
204,李昌达,章昌平,0.3085611038705237,HH1234574,李,昌達,李昌達,2743,章,昌平
205,李昌达,章昌平,0.3085611038705237,HH1234571,李,昌达,李昌达,2743,章,昌平
206,李昌达,章昌平,0.3085611038705237,HH1234572,李,昌达,李昌达,2743,章,昌平
207,李昌达,章昌平,0.3085611038705237,HH1234573,李,昌达,李昌达,2743,章,昌平
208,李昌达,章昌平,0.3085611038705237,HH1234574,李,昌達,李昌達,2743,章,昌平
209,陈章华,章昌平,0.17061954182549816,FF1234579,陈,章华,陈章华,2743,章,昌平
210,陈章华,章昌平,0.17061954182549816,FF1234580,陳,章华,陳章华,2743,章,昌平
211,陈章华,章昌平,0.17061954182549816,FF1234581,陈,章華,陈章華,2743,章,昌平
212,陈章华,章昌平,0.17061954182549816,FF1234579,陈,章华,陈章华,2743,章,昌平
213,陈章华,章昌平,0.17061954182549816,FF1234580,陳,章华,陳章华,2743,章,昌平
214,陈章华,章昌平,0.17061954182549816,FF1234581,陈,章華,陈章華,2743,章,昌平
215,陈章华,章昌平,0.17061954182549816,FF1234579,陈,章华,陈章华,2743,章,昌平
216,陈章华,章昌平,0.17061954182549816,FF1234580,陳,章华,陳章华,2743,章,昌平
217,陈章华,章昌平,0.17061954182549816,FF1234581,陈,章華,陈章華,2743,章,昌平
218,井上昌信,胡齐开,0.20679885557313865,DD903844,井上,昌信,井上昌信,1928,胡,齐开
219,井上信昌,胡齐开,0.21462803005020883,DD903845,井上,信昌,井上信昌,1928,胡,齐开
220,井上昌,胡齐开,0.24237557038831142,DD903847,井上,昌,井上昌,1928,胡,齐开
221,井上信昌,田世俊,0.21248432413284796,DD903845,井上,信昌,井上信昌,1604,田,世俊
222,井上信昌,卢井发,0.20787651639119986,DD903845,井上,信昌,井上信昌,2706,卢,井发
223,信昌上井,卢井发,0.24672960297815225,DD903846,信昌,上井,信昌上井,2706,卢,井发
224,井上昌,卢井发,0.23475120756066037,DD903847,井上,昌,井上昌,2706,卢,井发
225,井上信昌,李洪信,0.15480878389847583,DD903845,井上,信昌,井上信昌,1510,李,洪信
226,井上信昌,李洪信,0.15480878389847583,DD903845,井上,信昌,井上信昌,1511,李,洪信
227,井上信昌,李洪信,0.15480878389847583,DD903845,井上,信昌,井上信昌,1512,李,洪信
228,井上信昌,李洪信,0.15480878389847583,DD903845,井上,信昌,井上信昌,1510,李,洪信
229,井上信昌,李洪信,0.15480878389847583,DD903845,井上,信昌,井上信昌,1511,李,洪信
230,井上信昌,李洪信,0.15480878389847583,DD903845,井上,信昌,井上信昌,1512,李,洪信
231,井上昌,马大明,0.1888145915771514,DD903847,井上,昌,井上昌,1813,马,大明
232,上昌信,马大明,0.20429417147166914,DD903848,上,昌信,上昌信,1813,马,大明
233,上昌,马大明,0.2723793980667734,DD903849,上,昌,上昌,1813,马,大明
234,井上昌,胡大明,0.17522221377290814,DD903847,井上,昌,井上昌,292,胡,大明
235,上昌信,胡大明,0.1895874502450253,DD903848,上,昌信,上昌信,292,胡,大明
236,上昌,胡大明,0.25277136007727746,DD903849,上,昌,上昌,292,胡,大明
237,井上昌,杨大明,0.16772256590974183,DD903847,井上,昌,井上昌,2422,杨,大明
238,上昌,杨大明,0.2419525480690576,DD903849,上,昌,上昌,2422,杨,大明
239,井上昌,乔伟,0.14722310665154822,DD903847,井上,昌,井上昌,769,乔,伟
240,上昌信,曹昌福,0.2604463078876338,DD903848,上,昌信,上昌信,1143,曹,昌福
241,李昌达,曹昌福,0.3051330034979205,HH1234571,李,昌达,李昌达,1143,曹,昌福
242,李昌达,曹昌福,0.3051330034979205,HH1234572,李,昌达,李昌达,1143,曹,昌福
243,李昌达,曹昌福,0.3051330034979205,HH1234573,李,昌达,李昌达,1143,曹,昌福
244,李昌达,曹昌福,0.3051330034979205,HH1234574,李,昌達,李昌達,1143,曹,昌福
245,李昌达,曹昌福,0.3051330034979205,HH1234571,李,昌达,李昌达,1143,曹,昌福
246,李昌达,曹昌福,0.3051330034979205,HH1234572,李,昌达,李昌达,1143,曹,昌福
247,李昌达,曹昌福,0.3051330034979205,HH1234573,李,昌达,李昌达,1143,曹,昌福
248,李昌达,曹昌福,0.3051330034979205,HH1234574,李,昌達,李昌達,1143,曹,昌福
249,李昌达,曹昌福,0.3051330034979205,HH1234571,李,昌达,李昌达,1143,曹,昌福
250,李昌达,曹昌福,0.3051330034979205,HH1234572,李,昌达,李昌达,1143,曹,昌福
251,李昌达,曹昌福,0.3051330034979205,HH1234573,李,昌达,李昌达,1143,曹,昌福
252,李昌达,曹昌福,0.3051330034979205,HH1234574,李,昌達,李昌達,1143,曹,昌福
253,李昌达,曹昌福,0.3051330034979205,HH1234571,李,昌达,李昌达,1143,曹,昌福
254,李昌达,曹昌福,0.3051330034979205,HH1234572,李,昌达,李昌达,1143,曹,昌福
255,李昌达,曹昌福,0.3051330034979205,HH1234573,李,昌达,李昌达,1143,曹,昌福
256,李昌达,曹昌福,0.3051330034979205,HH1234574,李,昌達,李昌達,1143,曹,昌福
257,上昌信,黄昌华,0.2596845674692544,DD903848,上,昌信,上昌信,827,黄,昌华
258,李昌达,黄昌华,0.3042405656529342,HH1234571,李,昌达,李昌达,827,黄,昌华
259,李昌达,黄昌华,0.3042405656529342,HH1234572,李,昌达,李昌达,827,黄,昌华
260,李昌达,黄昌华,0.3042405656529342,HH1234573,李,昌达,李昌达,827,黄,昌华
261,李昌达,黄昌华,0.3042405656529342,HH1234574,李,昌達,李昌達,827,黄,昌华
262,李昌达,黄昌华,0.3042405656529342,HH1234571,李,昌达,李昌达,827,黄,昌华
263,李昌达,黄昌华,0.3042405656529342,HH1234572,李,昌达,李昌达,827,黄,昌华
264,李昌达,黄昌华,0.3042405656529342,HH1234573,李,昌达,李昌达,827,黄,昌华
265,李昌达,黄昌华,0.3042405656529342,HH1234574,李,昌達,李昌達,827,黄,昌华
266,李昌达,黄昌华,0.3042405656529342,HH1234571,李,昌达,李昌达,827,黄,昌华
267,李昌达,黄昌华,0.3042405656529342,HH1234572,李,昌达,李昌达,827,黄,昌华
268,李昌达,黄昌华,0.3042405656529342,HH1234573,李,昌达,李昌达,827,黄,昌华
269,李昌达,黄昌华,0.3042405656529342,HH1234574,李,昌達,李昌達,827,黄,昌华
270,李昌达,黄昌华,0.3042405656529342,HH1234571,李,昌达,李昌达,827,黄,昌华
271,李昌达,黄昌华,0.3042405656529342,HH1234572,李,昌达,李昌达,827,黄,昌华
272,李昌达,黄昌华,0.3042405656529342,HH1234573,李,昌达,李昌达,827,黄,昌华
273,李昌达,黄昌华,0.3042405656529342,HH1234574,李,昌達,李昌達,827,黄,昌华
274,上昌,王社昌,0.163025386393829,DD903849,上,昌,上昌,3007,王,社昌
275,上昌,刘元昌,0.16127716946076792,DD903849,上,昌,上昌,310,刘,元昌
276,徐佘余,徐佘余,1.0,EE123456,徐,佘余,徐佘余,239,徐,佘余
277,徐佘,徐佘余,0.6166825668922706,EE123457,徐,佘,徐佘,239,徐,佘余
278,佘余,徐佘余,0.7872119229859011,EE123458,佘,余,佘余,239,徐,佘余
279,徐佘余,徐俊,0.379793737517662,EE123456,徐,佘余,徐佘余,1683,徐,俊
280,徐佘,徐俊,0.6158658569377217,EE123457,徐,佘,徐佘,1683,徐,俊
281,徐佘余,徐仲,0.34588988394195597,EE123456,徐,佘余,徐佘余,2601,徐,仲
282,徐佘,徐仲,0.5608880524789996,EE123457,徐,佘,徐佘,2601,徐,仲
283,徐佘余,徐全胜,0.2477133266077714,EE123456,徐,佘余,徐佘余,2321,徐,全胜
284,徐佘,徐全胜,0.40168692923509375,EE123457,徐,佘,徐佘,2321,徐,全胜
285,徐佘余,佘林成,0.1944887406288746,EE123456,徐,佘余,徐佘余,746,佘,林成
286,佘余,佘林成,0.24706020697854433,EE123458,佘,余,佘余,746,佘,林成
287,徐佘余,凃大荣,0.14776884130190573,EE123456,徐,佘余,徐佘余,823,凃,大荣
288,徐佘,凃大荣,0.23961896968577642,EE123457,徐,佘,徐佘,823,凃,大荣
289,徐佘余,余强,0.14609758490425268,EE123456,徐,佘余,徐佘余,2466,余,强
290,佘余,余强,0.1855886332997897,EE123458,佘,余,佘余,2466,余,强
291,徐佘余,余宝,0.14530596031441975,EE123456,徐,佘余,徐佘余,40,余,宝
292,佘余,余宝,0.18458302786278072,EE123458,佘,余,佘余,40,余,宝
293,徐佘余,徐明,0.12861456742166902,EE123456,徐,佘余,徐佘余,2410,徐,明
294,徐佘,徐明,0.2085587858755491,EE123457,徐,佘,徐佘,2410,徐,明
295,徐佘余,徐峰,0.12008587545853136,EE123456,徐,佘余,徐佘余,2083,徐,峰
296,徐佘余,徐峰,0.12008587545853136,EE123456,徐,佘余,徐佘余,2084,徐,峰
297,徐佘,徐峰,0.1947288311775958,EE123457,徐,佘,徐佘,2083,徐,峰
298,徐佘,徐峰,0.1947288311775958,EE123457,徐,佘,徐佘,2084,徐,峰
299,徐佘,徐峰,0.1947288311775958,EE123457,徐,佘,徐佘,2083,徐,峰
300,徐佘,徐峰,0.1947288311775958,EE123457,徐,佘,徐佘,2084,徐,峰
301,徐佘,徐红,0.18764189818137053,EE123457,徐,佘,徐佘,485,徐,红
302,徐佘,徐龙,0.1874561651494737,EE123457,徐,佘,徐佘,1652,徐,龙
303,佘余,余建忠,0.1522527851445147,EE123458,佘,余,佘余,1554,余,建忠
304,佘余,余建国,0.15170436062439815,EE123458,佘,余,佘余,2385,余,建国
305,佘余,余文军,0.15034191925512905,EE123458,佘,余,佘余,2114,余,文军
306,佘余,余志鹏,0.14621399132524712,EE123458,佘,余,佘余,2647,余,志鹏
307,佘余,余海兵,0.14412243104250558,EE123458,佘,余,佘余,2750,余,海兵
308,佘余,余龙飞,0.13828310189837084,EE123458,佘,余,佘余,2324,余,龙飞
309,李昌达,李明,0.40844803453856515,HH1234571,李,昌达,李昌达,1344,李,明
310,李昌达,李明,0.40844803453856515,HH1234572,李,昌达,李昌达,1344,李,明
311,李昌达,李明,0.40844803453856515,HH1234573,李,昌达,李昌达,1344,李,明
312,李昌达,李明,0.40844803453856515,HH1234574,李,昌達,李昌達,1344,李,明
313,李昌达,李明,0.40844803453856515,HH1234571,李,昌达,李昌达,1344,李,明
314,李昌达,李明,0.40844803453856515,HH1234572,李,昌达,李昌达,1344,李,明
315,李昌达,李明,0.40844803453856515,HH1234573,李,昌达,李昌达,1344,李,明
316,李昌达,李明,0.40844803453856515,HH1234574,李,昌達,李昌達,1344,李,明
317,李昌达,李明,0.40844803453856515,HH1234571,李,昌达,李昌达,1344,李,明
318,李昌达,李明,0.40844803453856515,HH1234572,李,昌达,李昌达,1344,李,明
319,李昌达,李明,0.40844803453856515,HH1234573,李,昌达,李昌达,1344,李,明
320,李昌达,李明,0.40844803453856515,HH1234574,李,昌達,李昌達,1344,李,明
321,李昌达,李明,0.40844803453856515,HH1234571,李,昌达,李昌达,1344,李,明
322,李昌达,李明,0.40844803453856515,HH1234572,李,昌达,李昌达,1344,李,明
323,李昌达,李明,0.40844803453856515,HH1234573,李,昌达,李昌达,1344,李,明
324,李昌达,李明,0.40844803453856515,HH1234574,李,昌達,李昌達,1344,李,明
325,李昌达,王达达,0.29480549732665845,HH1234571,李,昌达,李昌达,2518,王,达达
326,李昌达,王达达,0.29480549732665845,HH1234572,李,昌达,李昌达,2518,王,达达
327,李昌达,王达达,0.29480549732665845,HH1234573,李,昌达,李昌达,2518,王,达达
328,李昌达,王达达,0.29480549732665845,HH1234574,李,昌達,李昌達,2518,王,达达
329,李昌达,王达达,0.29480549732665845,HH1234571,李,昌达,李昌达,2518,王,达达
330,李昌达,王达达,0.29480549732665845,HH1234572,李,昌达,李昌达,2518,王,达达
331,李昌达,王达达,0.29480549732665845,HH1234573,李,昌达,李昌达,2518,王,达达
332,李昌达,王达达,0.29480549732665845,HH1234574,李,昌達,李昌達,2518,王,达达
333,李昌达,王达达,0.29480549732665845,HH1234571,李,昌达,李昌达,2518,王,达达
334,李昌达,王达达,0.29480549732665845,HH1234572,李,昌达,李昌达,2518,王,达达
335,李昌达,王达达,0.29480549732665845,HH1234573,李,昌达,李昌达,2518,王,达达
336,李昌达,王达达,0.29480549732665845,HH1234574,李,昌達,李昌達,2518,王,达达
337,李昌达,王达达,0.29480549732665845,HH1234571,李,昌达,李昌达,2518,王,达达
338,李昌达,王达达,0.29480549732665845,HH1234572,李,昌达,李昌达,2518,王,达达
339,李昌达,王达达,0.29480549732665845,HH1234573,李,昌达,李昌达,2518,王,达达
340,李昌达,王达达,0.29480549732665845,HH1234574,李,昌達,李昌達,2518,王,达达
341,细见达秀,王达达,0.2988724964342015,GG1234576,细见,达秀,细见达秀,2518,王,达达
342,细见达秀,王达达,0.2988724964342015,GG1234577,细见,达秀,细见达秀,2518,王,达达
343,细见达秀,王达达,0.2988724964342015,GG1234578,细见,达秀,细见达秀,2518,王,达达
344,细见达秀,王达达,0.2988724964342015,GG1234576,细见,达秀,细见达秀,2518,王,达达
345,细见达秀,王达达,0.2988724964342015,GG1234577,细见,达秀,细见达秀,2518,王,达达
346,细见达秀,王达达,0.2988724964342015,GG1234578,细见,达秀,细见达秀,2518,王,达达
347,细见达秀,王达达,0.2988724964342015,GG1234576,细见,达秀,细见达秀,2518,王,达达
348,细见达秀,王达达,0.2988724964342015,GG1234577,细见,达秀,细见达秀,2518,王,达达
349,细见达秀,王达达,0.2988724964342015,GG1234578,细见,达秀,细见达秀,2518,王,达达
350,李昌达,李晶,0.28311237104273634,HH1234571,李,昌达,李昌达,1109,李,晶
351,李昌达,李晶,0.28311237104273634,HH1234572,李,昌达,李昌达,1109,李,晶
352,李昌达,李晶,0.28311237104273634,HH1234573,李,昌达,李昌达,1109,李,晶
353,李昌达,李晶,0.28311237104273634,HH1234574,李,昌達,李昌達,1109,李,晶
354,李昌达,李晶,0.28311237104273634,HH1234571,李,昌达,李昌达,1109,李,晶
355,李昌达,李晶,0.28311237104273634,HH1234572,李,昌达,李昌达,1109,李,晶
356,李昌达,李晶,0.28311237104273634,HH1234573,李,昌达,李昌达,1109,李,晶
357,李昌达,李晶,0.28311237104273634,HH1234574,李,昌達,李昌達,1109,李,晶
358,李昌达,李晶,0.28311237104273634,HH1234571,李,昌达,李昌达,1109,李,晶
359,李昌达,李晶,0.28311237104273634,HH1234572,李,昌达,李昌达,1109,李,晶
360,李昌达,李晶,0.28311237104273634,HH1234573,李,昌达,李昌达,1109,李,晶
361,李昌达,李晶,0.28311237104273634,HH1234574,李,昌達,李昌達,1109,李,晶
362,李昌达,李晶,0.28311237104273634,HH1234571,李,昌达,李昌达,1109,李,晶
363,李昌达,李晶,0.28311237104273634,HH1234572,李,昌达,李昌达,1109,李,晶
364,李昌达,李晶,0.28311237104273634,HH1234573,李,昌达,李昌达,1109,李,晶
365,李昌达,李晶,0.28311237104273634,HH1234574,李,昌達,李昌達,1109,李,晶
366,细见达秀,细见达秀,1.0,GG1234576,细见,达秀,细见达秀,2970,细见,达秀
367,细见达秀,细见达秀,1.0,GG1234577,细见,达秀,细见达秀,2970,细见,达秀
368,细见达秀,细见达秀,1.0,GG1234578,细见,达秀,细见达秀,2970,细见,达秀
369,细见达秀,细见达秀,1.0,GG1234576,细见,达秀,细见达秀,2970,细见,达秀
370,细见达秀,细见达秀,1.0,GG1234577,细见,达秀,细见达秀,2970,细见,达秀
371,细见达秀,细见达秀,1.0,GG1234578,细见,达秀,细见达秀,2970,细见,达秀
372,细见达秀,细见达秀,1.0,GG1234576,细见,达秀,细见达秀,2970,细见,达秀
373,细见达秀,细见达秀,1.0,GG1234577,细见,达秀,细见达秀,2970,细见,达秀
374,细见达秀,细见达秀,1.0,GG1234578,细见,达秀,细见达秀,2970,细见,达秀
375,细见达秀,庄达生,0.22731295616571368,GG1234576,细见,达秀,细见达秀,2904,庄,达生
376,细见达秀,庄达生,0.22731295616571368,GG1234577,细见,达秀,细见达秀,2904,庄,达生
377,细见达秀,庄达生,0.22731295616571368,GG1234578,细见,达秀,细见达秀,2904,庄,达生
378,细见达秀,庄达生,0.22731295616571368,GG1234576,细见,达秀,细见达秀,2904,庄,达生
379,细见达秀,庄达生,0.22731295616571368,GG1234577,细见,达秀,细见达秀,2904,庄,达生
380,细见达秀,庄达生,0.22731295616571368,GG1234578,细见,达秀,细见达秀,2904,庄,达生
381,细见达秀,庄达生,0.22731295616571368,GG1234576,细见,达秀,细见达秀,2904,庄,达生
382,细见达秀,庄达生,0.22731295616571368,GG1234577,细见,达秀,细见达秀,2904,庄,达生
383,细见达秀,庄达生,0.22731295616571368,GG1234578,细见,达秀,细见达秀,2904,庄,达生
384,细见达秀,袁达明,0.21849964981926084,GG1234576,细见,达秀,细见达秀,1503,袁,达明
385,细见达秀,袁达明,0.21849964981926084,GG1234577,细见,达秀,细见达秀,1503,袁,达明
386,细见达秀,袁达明,0.21849964981926084,GG1234578,细见,达秀,细见达秀,1503,袁,达明
387,细见达秀,袁达明,0.21849964981926084,GG1234576,细见,达秀,细见达秀,1503,袁,达明
388,细见达秀,袁达明,0.21849964981926084,GG1234577,细见,达秀,细见达秀,1503,袁,达明
389,细见达秀,袁达明,0.21849964981926084,GG1234578,细见,达秀,细见达秀,1503,袁,达明
390,细见达秀,袁达明,0.21849964981926084,GG1234576,细见,达秀,细见达秀,1503,袁,达明
391,细见达秀,袁达明,0.21849964981926084,GG1234577,细见,达秀,细见达秀,1503,袁,达明
392,细见达秀,袁达明,0.21849964981926084,GG1234578,细见,达秀,细见达秀,1503,袁,达明
393,细见达秀,贺达园,0.21515091087455396,GG1234576,细见,达秀,细见达秀,1851,贺,达园
394,细见达秀,贺达园,0.21515091087455396,GG1234577,细见,达秀,细见达秀,1851,贺,达园
395,细见达秀,贺达园,0.21515091087455396,GG1234578,细见,达秀,细见达秀,1851,贺,达园
396,细见达秀,贺达园,0.21515091087455396,GG1234576,细见,达秀,细见达秀,1851,贺,达园
397,细见达秀,贺达园,0.21515091087455396,GG1234577,细见,达秀,细见达秀,1851,贺,达园
398,细见达秀,贺达园,0.21515091087455396,GG1234578,细见,达秀,细见达秀,1851,贺,达园
399,细见达秀,贺达园,0.21515091087455396,GG1234576,细见,达秀,细见达秀,1851,贺,达园
400,细见达秀,贺达园,0.21515091087455396,GG1234577,细见,达秀,细见达秀,1851,贺,达园
401,细见达秀,贺达园,0.21515091087455396,GG1234578,细见,达秀,细见达秀,1851,贺,达园
402,细见达秀,伊藤达一,0.1775439535054396,GG1234576,细见,达秀,细见达秀,2509,伊藤,达一
403,细见达秀,伊藤达一,0.1775439535054396,GG1234577,细见,达秀,细见达秀,2509,伊藤,达一
404,细见达秀,伊藤达一,0.1775439535054396,GG1234578,细见,达秀,细见达秀,2509,伊藤,达一
405,细见达秀,伊藤达一,0.1775439535054396,GG1234576,细见,达秀,细见达秀,2509,伊藤,达一
406,细见达秀,伊藤达一,0.1775439535054396,GG1234577,细见,达秀,细见达秀,2509,伊藤,达一
407,细见达秀,伊藤达一,0.1775439535054396,GG1234578,细见,达秀,细见达秀,2509,伊藤,达一
408,细见达秀,伊藤达一,0.1775439535054396,GG1234576,细见,达秀,细见达秀,2509,伊藤,达一
409,细见达秀,伊藤达一,0.1775439535054396,GG1234577,细见,达秀,细见达秀,2509,伊藤,达一
410,细见达秀,伊藤达一,0.1775439535054396,GG1234578,细见,达秀,细见达秀,2509,伊藤,达一
411,细见达秀,邓细文,0.1395702580693782,GG1234576,细见,达秀,细见达秀,165,邓,细文
412,细见达秀,邓细文,0.1395702580693782,GG1234577,细见,达秀,细见达秀,165,邓,细文
413,细见达秀,邓细文,0.1395702580693782,GG1234578,细见,达秀,细见达秀,165,邓,细文
414,细见达秀,邓细文,0.1395702580693782,GG1234576,细见,达秀,细见达秀,165,邓,细文
415,细见达秀,邓细文,0.1395702580693782,GG1234577,细见,达秀,细见达秀,165,邓,细文
416,细见达秀,邓细文,0.1395702580693782,GG1234578,细见,达秀,细见达秀,165,邓,细文
417,细见达秀,邓细文,0.1395702580693782,GG1234576,细见,达秀,细见达秀,165,邓,细文
418,细见达秀,邓细文,0.1395702580693782,GG1234577,细见,达秀,细见达秀,165,邓,细文
419,细见达秀,邓细文,0.1395702580693782,GG1234578,细见,达秀,细见达秀,165,邓,细文
420,细见达秀,袁秀秀,0.13465470028702856,GG1234576,细见,达秀,细见达秀,288,袁,秀秀
421,细见达秀,袁秀秀,0.13465470028702856,GG1234577,细见,达秀,细见达秀,288,袁,秀秀
422,细见达秀,袁秀秀,0.13465470028702856,GG1234578,细见,达秀,细见达秀,288,袁,秀秀
423,细见达秀,袁秀秀,0.13465470028702856,GG1234576,细见,达秀,细见达秀,288,袁,秀秀
424,细见达秀,袁秀秀,0.13465470028702856,GG1234577,细见,达秀,细见达秀,288,袁,秀秀
425,细见达秀,袁秀秀,0.13465470028702856,GG1234578,细见,达秀,细见达秀,288,袁,秀秀
426,细见达秀,袁秀秀,0.13465470028702856,GG1234576,细见,达秀,细见达秀,288,袁,秀秀
427,细见达秀,袁秀秀,0.13465470028702856,GG1234577,细见,达秀,细见达秀,288,袁,秀秀
428,细见达秀,袁秀秀,0.13465470028702856,GG1234578,细见,达秀,细见达秀,288,袁,秀秀
429,细见达秀,张秀,0.13265814667282808,GG1234576,细见,达秀,细见达秀,192,张,秀
430,细见达秀,张秀,0.13265814667282808,GG1234577,细见,达秀,细见达秀,192,张,秀
431,细见达秀,张秀,0.13265814667282808,GG1234578,细见,达秀,细见达秀,192,张,秀
432,细见达秀,张秀,0.13265814667282808,GG1234576,细见,达秀,细见达秀,192,张,秀
433,细见达秀,张秀,0.13265814667282808,GG1234577,细见,达秀,细见达秀,192,张,秀
434,细见达秀,张秀,0.13265814667282808,GG1234578,细见,达秀,细见达秀,192,张,秀
435,细见达秀,张秀,0.13265814667282808,GG1234576,细见,达秀,细见达秀,192,张,秀
436,细见达秀,张秀,0.13265814667282808,GG1234577,细见,达秀,细见达秀,192,张,秀
437,细见达秀,张秀,0.13265814667282808,GG1234578,细见,达秀,细见达秀,192,张,秀
438,细见达秀,周细阳,0.13121903933031814,GG1234576,细见,达秀,细见达秀,232,周,细阳
439,细见达秀,周细阳,0.13121903933031814,GG1234577,细见,达秀,细见达秀,232,周,细阳
440,细见达秀,周细阳,0.13121903933031814,GG1234578,细见,达秀,细见达秀,232,周,细阳
441,细见达秀,周细阳,0.13121903933031814,GG1234576,细见,达秀,细见达秀,232,周,细阳
442,细见达秀,周细阳,0.13121903933031814,GG1234577,细见,达秀,细见达秀,232,周,细阳
443,细见达秀,周细阳,0.13121903933031814,GG1234578,细见,达秀,细见达秀,232,周,细阳
444,细见达秀,周细阳,0.13121903933031814,GG1234576,细见,达秀,细见达秀,232,周,细阳
445,细见达秀,周细阳,0.13121903933031814,GG1234577,细见,达秀,细见达秀,232,周,细阳
446,细见达秀,周细阳,0.13121903933031814,GG1234578,细见,达秀,细见达秀,232,周,细阳
447,陈章华,陈章华,0.9999999999999999,FF1234579,陈,章华,陈章华,19,陈,章华
448,陈章华,陈章华,0.9999999999999999,FF1234580,陳,章华,陳章华,19,陈,章华
449,陈章华,陈章华,0.9999999999999999,FF1234581,陈,章華,陈章華,19,陈,章华
450,陈章华,陈章华,0.9999999999999999,FF1234579,陈,章华,陈章华,19,陈,章华
451,陈章华,陈章华,0.9999999999999999,FF1234580,陳,章华,陳章华,19,陈,章华
452,陈章华,陈章华,0.9999999999999999,FF1234581,陈,章華,陈章華,19,陈,章华
453,陈章华,陈章华,0.9999999999999999,FF1234579,陈,章华,陈章华,19,陈,章华
454,陈章华,陈章华,0.9999999999999999,FF1234580,陳,章华,陳章华,19,陈,章华
455,陈章华,陈章华,0.9999999999999999,FF1234581,陈,章華,陈章華,19,陈,章华
456,陈章华,钱章兴,0.32408708597967417,FF1234579,陈,章华,陈章华,1832,钱,章兴
457,陈章华,钱章兴,0.32408708597967417,FF1234580,陳,章华,陳章华,1832,钱,章兴
458,陈章华,钱章兴,0.32408708597967417,FF1234581,陈,章華,陈章華,1832,钱,章兴
459,陈章华,钱章兴,0.32408708597967417,FF1234579,陈,章华,陈章华,1832,钱,章兴
460,陈章华,钱章兴,0.32408708597967417,FF1234580,陳,章华,陳章华,1832,钱,章兴
461,陈章华,钱章兴,0.32408708597967417,FF1234581,陈,章華,陈章華,1832,钱,章兴
462,陈章华,钱章兴,0.32408708597967417,FF1234579,陈,章华,陈章华,1832,钱,章兴
463,陈章华,钱章兴,0.32408708597967417,FF1234580,陳,章华,陳章华,1832,钱,章兴
464,陈章华,钱章兴,0.32408708597967417,FF1234581,陈,章華,陈章華,1832,钱,章兴
465,陈章华,黄章滨,0.302394318451941,FF1234579,陈,章华,陈章华,1488,黄,章滨
466,陈章华,黄章滨,0.302394318451941,FF1234580,陳,章华,陳章华,1488,黄,章滨
467,陈章华,黄章滨,0.302394318451941,FF1234581,陈,章華,陈章華,1488,黄,章滨
468,陈章华,黄章滨,0.302394318451941,FF1234579,陈,章华,陈章华,1488,黄,章滨
469,陈章华,黄章滨,0.302394318451941,FF1234580,陳,章华,陳章华,1488,黄,章滨
470,陈章华,黄章滨,0.302394318451941,FF1234581,陈,章華,陈章華,1488,黄,章滨
471,陈章华,黄章滨,0.302394318451941,FF1234579,陈,章华,陈章华,1488,黄,章滨
472,陈章华,黄章滨,0.302394318451941,FF1234580,陳,章华,陳章华,1488,黄,章滨
473,陈章华,黄章滨,0.302394318451941,FF1234581,陈,章華,陈章華,1488,黄,章滨
474,陈章华,陈华,0.22385381630756784,FF1234579,陈,章华,陈章华,2920,陈,华
475,陈章华,陈华,0.22385381630756784,FF1234580,陳,章华,陳章华,2920,陈,华
476,陈章华,陈华,0.22385381630756784,FF1234581,陈,章華,陈章華,2920,陈,华
477,陈章华,陈华,0.22385381630756784,FF1234579,陈,章华,陈章华,2920,陈,华
478,陈章华,陈华,0.22385381630756784,FF1234580,陳,章华,陳章华,2920,陈,华
479,陈章华,陈华,0.22385381630756784,FF1234581,陈,章華,陈章華,2920,陈,华
480,陈章华,陈华,0.22385381630756784,FF1234579,陈,章华,陈章华,2920,陈,华
481,陈章华,陈华,0.22385381630756784,FF1234580,陳,章华,陳章华,2920,陈,华
482,陈章华,陈华,0.22385381630756784,FF1234581,陈,章華,陈章華,2920,陈,华
483,陈章华,刘国章,0.18828396390727553,FF1234579,陈,章华,陈章华,2589,刘,国章
484,陈章华,刘国章,0.18828396390727553,FF1234580,陳,章华,陳章华,2589,刘,国章
485,陈章华,刘国章,0.18828396390727553,FF1234581,陈,章華,陈章華,2589,刘,国章
486,陈章华,刘国章,0.18828396390727553,FF1234579,陈,章华,陈章华,2589,刘,国章
487,陈章华,刘国章,0.18828396390727553,FF1234580,陳,章华,陳章华,2589,刘,国章
488,陈章华,刘国章,0.18828396390727553,FF1234581,陈,章華,陈章華,2589,刘,国章
489,陈章华,刘国章,0.18828396390727553,FF1234579,陈,章华,陈章华,2589,刘,国章
490,陈章华,刘国章,0.18828396390727553,FF1234580,陳,章华,陳章华,2589,刘,国章
491,陈章华,刘国章,0.18828396390727553,FF1234581,陈,章華,陈章華,2589,刘,国章
492,陈章华,章建锋,0.18269652423398886,FF1234579,陈,章华,陈章华,1237,章,建锋
493,陈章华,章建锋,0.18269652423398886,FF1234580,陳,章华,陳章华,1237,章,建锋
494,陈章华,章建锋,0.18269652423398886,FF1234581,陈,章華,陈章華,1237,章,建锋
495,陈章华,章建锋,0.18269652423398886,FF1234579,陈,章华,陈章华,1237,章,建锋
496,陈章华,章建锋,0.18269652423398886,FF1234580,陳,章华,陳章华,1237,章,建锋
497,陈章华,章建锋,0.18269652423398886,FF1234581,陈,章華,陈章華,1237,章,建锋
498,陈章华,章建锋,0.18269652423398886,FF1234579,陈,章华,陈章华,1237,章,建锋
499,陈章华,章建锋,0.18269652423398886,FF1234580,陳,章华,陳章华,1237,章,建锋
500,陈章华,章建锋,0.18269652423398886,FF1234581,陈,章華,陈章華,1237,章,建锋
501,陈章华,章培玉,0.17055363830906953,FF1234579,陈,章华,陈章华,2028,章,培玉
502,陈章华,章培玉,0.17055363830906953,FF1234580,陳,章华,陳章华,2028,章,培玉
503,陈章华,章培玉,0.17055363830906953,FF1234581,陈,章華,陈章華,2028,章,培玉
504,陈章华,章培玉,0.17055363830906953,FF1234579,陈,章华,陈章华,2028,章,培玉
505,陈章华,章培玉,0.17055363830906953,FF1234580,陳,章华,陳章华,2028,章,培玉
506,陈章华,章培玉,0.17055363830906953,FF1234581,陈,章華,陈章華,2028,章,培玉
507,陈章华,章培玉,0.17055363830906953,FF1234579,陈,章华,陈章华,2028,章,培玉
508,陈章华,章培玉,0.17055363830906953,FF1234580,陳,章华,陳章华,2028,章,培玉
509,陈章华,章培玉,0.17055363830906953,FF1234581,陈,章華,陈章華,2028,章,培玉
510,陈章华,窦文章,0.16500151027098464,FF1234579,陈,章华,陈章华,2318,窦,文章
511,陈章华,窦文章,0.16500151027098464,FF1234580,陳,章华,陳章华,2318,窦,文章
512,陈章华,窦文章,0.16500151027098464,FF1234581,陈,章華,陈章華,2318,窦,文章
513,陈章华,窦文章,0.16500151027098464,FF1234579,陈,章华,陈章华,2318,窦,文章
514,陈章华,窦文章,0.16500151027098464,FF1234580,陳,章华,陳章华,2318,窦,文章
515,陈章华,窦文章,0.16500151027098464,FF1234581,陈,章華,陈章華,2318,窦,文章
516,陈章华,窦文章,0.16500151027098464,FF1234579,陈,章华,陈章华,2318,窦,文章
517,陈章华,窦文章,0.16500151027098464,FF1234580,陳,章华,陳章华,2318,窦,文章
518,陈章华,窦文章,0.16500151027098464,FF1234581,陈,章華,陈章華,2318,窦,文章
519,陈章华,魏焕章,0.15447793288204667,FF1234579,陈,章华,陈章华,1968,魏,焕章
520,陈章华,魏焕章,0.15447793288204667,FF1234580,陳,章华,陳章华,1968,魏,焕章
521,陈章华,魏焕章,0.15447793288204667,FF1234581,陈,章華,陈章華,1968,魏,焕章
522,陈章华,魏焕章,0.15447793288204667,FF1234579,陈,章华,陈章华,1968,魏,焕章
523,陈章华,魏焕章,0.15447793288204667,FF1234580,陳,章华,陳章华,1968,魏,焕章
524,陈章华,魏焕章,0.15447793288204667,FF1234581,陈,章華,陈章華,1968,魏,焕章
525,陈章华,魏焕章,0.15447793288204667,FF1234579,陈,章华,陈章华,1968,魏,焕章
526,陈章华,魏焕章,0.15447793288204667,FF1234580,陳,章华,陳章华,1968,魏,焕章
527,陈章华,魏焕章,0.15447793288204667,FF1234581,陈,章華,陈章華,1968,魏,焕章
